{"tissue_hires_scalef": 0.24414062, "tissue_lowres_scalef": 0.07324219, "fiducial_diameter_fullres": 95.85741401658672, "spot_diameter_fullres": 59.34030391502987}